{
  "project_info": {
    "project_number": "1046449706007",
    "project_id": "instra-42c26",
    "storage_bucket": "instra-42c26.firebasestorage.app"
  },
  "client": [
    {
      "client_info": {
        "mobilesdk_app_id": "1:1046449706007:android:4057716b3a19189fdc3852",
        "android_client_info": {
          "package_name": "com.qrcard.app"
        }
      },
      "oauth_client": [],
      "api_key": [
        {
          "current_key": "AIzaSyBIBQVplTryJnyOKfA5HonG9J_mqeBOe2U"
        }
      ],
      "services": {
        "appinvite_service": {
          "other_platform_oauth_client": []
        }
      }
    }
  ],
  "configuration_version": "1"
}
